City_ID,City,Country,Date,Lat,Lng,Max Temp,Humidity,Cloudiness,Wind Speed
0,New Norfolk,AU,2022-11-18 09:42:18,-42.7826,147.0587,56.91,63,65,2.55
1,Clyde River,CA,2022-11-18 09:42:19,70.4692,-68.5914,-1.97,78,100,9.22
2,Mitsamiouli,KM,2022-11-18 09:42:19,-11.3847,43.2844,89.89,48,40,12.66
3,Hailar,CN,2022-11-18 09:42:20,49.2,119.7,25.29,82,100,7.45
4,Albany,US,2022-11-18 09:41:18,42.6001,-73.9662,31.26,83,93,5.99
5,Maldonado,UY,2022-11-18 09:42:20,-34.6667,-54.9167,64.22,71,78,4.97
6,Hillsborough,US,2022-11-18 09:42:21,37.5741,-122.3794,51.3,80,20,8.05
7,Severo-Kurilsk,RU,2022-11-18 09:42:21,50.6789,156.125,33.28,72,87,18.03
8,Touros,BR,2022-11-18 09:42:21,-5.1989,-35.4608,80.98,68,42,13.4
9,Cape Town,ZA,2022-11-18 09:39:19,-33.9258,18.4232,73.11,47,40,8.99
10,Vaini,TO,2022-11-18 09:42:23,-21.2,-175.2,73.56,94,20,3.44
11,Tiksi,RU,2022-11-18 09:42:23,71.6872,128.8694,-8.12,89,100,5.88
12,Upata,VE,2022-11-18 09:42:23,8.0086,-62.3989,72.19,97,98,1.16
13,Nikolskoye,RU,2022-11-18 09:42:24,59.7035,30.7861,28.29,55,3,8.41
14,Kapaa,US,2022-11-18 09:42:24,22.0752,-159.319,75.52,89,0,12.66
15,Busselton,AU,2022-11-18 09:42:25,-33.65,115.3333,56.48,49,63,17.85
16,Vilyuysk,RU,2022-11-18 09:42:25,63.7553,121.6247,-28.68,100,19,2.93
17,Hilo,US,2022-11-18 09:42:26,19.7297,-155.09,75.25,91,100,5.75
18,Armidale,AU,2022-11-18 09:42:26,-30.5167,151.65,48.4,82,9,2.66
19,Narsaq,GL,2022-11-18 09:42:26,60.9167,-46.05,17.82,92,89,6.49
20,Coihaique,CL,2022-11-18 09:42:27,-45.5752,-72.0662,50.61,93,40,6.91
21,Viransehir,TR,2022-11-18 09:42:27,37.2353,39.7631,55.58,69,100,4.36
22,Leirvik,NO,2022-11-18 09:42:28,59.7798,5.5005,44.64,45,0,10.36
23,Invermere,CA,2022-11-18 09:42:28,50.5167,-116.0354,2.35,84,42,1.43
24,Dikson,RU,2022-11-18 09:42:28,73.5069,80.5464,-4.02,92,100,26.78
25,Bredasdorp,ZA,2022-11-18 09:42:29,-34.5322,20.0403,71.29,36,100,14.97
26,Saint-Philippe,RE,2022-11-18 09:42:29,-21.3585,55.7679,80.19,63,15,7.0
27,La Ronge,CA,2022-11-18 09:37:44,55.1001,-105.2842,19.65,58,75,16.11
28,Cherskiy,RU,2022-11-18 09:42:30,68.75,161.3,-30.75,100,89,6.26
29,Rio Rancho,US,2022-11-18 09:42:30,35.2334,-106.6645,30.34,54,0,7.0
30,Geraldton,AU,2022-11-18 09:42:31,-28.7667,114.6,64.81,48,40,19.57
31,Lompoc,US,2022-11-18 09:42:31,34.6391,-120.4579,47.59,97,100,5.75
32,Nabire,ID,2022-11-18 09:42:32,-3.3667,135.4833,78.62,87,96,1.05
33,Novopavlovsk,RU,2022-11-18 09:42:32,43.9622,43.6342,60.21,32,96,6.22
34,Texarkana,US,2022-11-18 09:38:42,33.4251,-94.0477,39.42,72,0,6.91
35,Kalemie,CD,2022-11-18 09:42:32,-5.9475,29.1947,78.69,65,98,6.29
36,Jalu,LY,2022-11-18 09:42:33,29.0331,21.5482,79.56,17,0,15.12
37,Pevek,RU,2022-11-18 09:42:33,69.7008,170.3133,-14.82,98,95,1.61
38,Verkhnevilyuysk,RU,2022-11-18 09:42:34,63.4453,120.3167,-25.01,99,28,3.67
39,Port Alfred,ZA,2022-11-18 09:41:05,-33.5906,26.891,69.19,82,99,1.01
40,Forestville,US,2022-11-18 09:42:34,38.8451,-76.875,35.26,75,0,5.75
41,Tuatapere,NZ,2022-11-18 09:42:35,-46.1333,167.6833,53.08,95,99,2.95
42,Thai Binh,VN,2022-11-18 09:42:35,20.45,106.3333,81.05,74,40,9.31
43,Lindi,TZ,2022-11-18 09:42:36,-10.0,39.7167,88.29,51,97,11.1
44,Tromso,NO,2022-11-18 09:42:36,69.6496,18.957,31.37,93,0,2.3
45,Bluff,NZ,2022-11-18 09:42:36,-46.6,168.3333,53.33,95,86,14.99
46,Fortuna,US,2022-11-18 09:42:37,40.5982,-124.1573,43.72,94,40,3.44
47,Banjar,ID,2022-11-18 09:42:37,-8.19,114.9675,78.28,87,100,3.51
48,Avarua,CK,2022-11-18 09:42:38,-21.2078,-159.775,73.45,94,75,8.05
49,Ushuaia,AR,2022-11-18 09:43:38,-54.8,-68.3,51.46,43,75,11.5
50,Saint-Pierre,RE,2022-11-18 09:43:39,-21.3393,55.4781,80.28,50,0,13.8
51,Palmerston,AU,2022-11-18 09:43:39,-12.486,130.9833,81.9,89,75,4.61
52,Naze,JP,2022-11-18 09:43:40,28.3667,129.4833,70.72,86,98,19.6
53,Hobart,AU,2022-11-18 09:40:25,-42.8794,147.3294,57.25,77,20,8.05
54,Meridian,US,2022-11-18 09:43:40,43.6121,-116.3915,30.51,89,100,9.22
55,Kodiak,US,2022-11-18 09:43:41,57.79,-152.4072,42.31,93,100,6.91
56,Rikitea,PF,2022-11-18 09:43:41,-23.1203,-134.9692,71.8,73,99,12.64
57,Uchaly,RU,2022-11-18 09:43:42,54.2996,59.4521,19.13,94,100,5.12
58,Humberto De Campos,BR,2022-11-18 09:43:43,-2.5983,-43.4611,79.92,74,87,7.09
59,Jamestown,US,2022-11-18 09:43:43,42.097,-79.2353,27.99,83,100,20.71
60,Hermanus,ZA,2022-11-18 09:43:44,-34.4187,19.2345,68.81,54,100,9.06
61,Longyearbyen,SJ,2022-11-18 09:40:27,78.2186,15.6401,28.24,86,75,2.3
62,Yenagoa,NG,2022-11-18 09:43:44,4.9247,6.2642,88.83,58,37,1.88
63,Hambantota,LK,2022-11-18 09:43:44,6.1241,81.1185,88.14,62,40,2.3
64,Lorengau,PG,2022-11-18 09:43:45,-2.0226,147.2712,81.93,76,100,6.42
65,Humaita,BR,2022-11-18 09:43:45,-7.5061,-63.0208,72.97,99,100,1.77
66,Rocha,UY,2022-11-18 09:41:26,-34.4833,-54.3333,64.67,82,79,3.96
67,Pangai,TO,2022-11-18 09:43:46,-19.8,-174.35,78.22,72,85,6.69
68,Pochutla,MX,2022-11-18 09:43:47,15.7432,-96.4661,73.81,83,64,3.76
69,Chara,RU,2022-11-18 09:43:47,56.9064,118.2631,15.51,83,100,1.36
70,Baruun-Urt,MN,2022-11-18 09:43:48,46.6806,113.2792,38.73,47,100,12.3
71,Garachine,PA,2022-11-18 09:43:48,8.0647,-78.3628,76.44,87,99,3.24
72,Maniitsoq,GL,2022-11-18 09:43:48,65.4167,-52.9,21.31,67,97,4.41
73,Esperance,AU,2022-11-18 09:43:49,-33.8667,121.9,56.28,74,71,20.49
74,Luwuk,ID,2022-11-18 09:43:49,-0.9516,122.7875,80.42,84,100,1.88
75,Malanje,AO,2022-11-18 09:43:50,-9.5402,16.341,82.45,45,97,2.37
76,Haapiti,PF,2022-11-18 09:43:50,-17.5667,-149.8667,76.73,82,52,4.92
77,Mataura,NZ,2022-11-18 09:43:51,-46.1927,168.8643,52.34,98,68,3.85
78,Henties Bay,NA,2022-11-18 09:38:58,-22.116,14.2845,64.63,72,96,9.33
79,Cidreira,BR,2022-11-18 09:43:52,-30.1811,-50.2056,68.52,73,16,10.36
80,Sobolevo,RU,2022-11-18 09:43:52,54.4299,31.8996,24.85,64,100,7.29
81,Iwai,JP,2022-11-18 09:43:52,36.05,139.9,64.92,53,20,4.45
82,Hokitika,NZ,2022-11-18 09:43:53,-42.7167,170.9667,58.89,92,100,3.33
83,Jaisalmer,IN,2022-11-18 09:43:53,26.9147,70.9181,84.81,18,0,3.69
84,Ilulissat,GL,2022-11-18 09:43:54,69.2167,-51.1,23.02,80,75,23.02
85,Miri,MY,2022-11-18 09:43:54,4.4148,114.0089,84.34,79,40,8.05
86,Havelock,US,2022-11-18 09:43:54,34.8791,-76.9013,42.93,84,0,5.75
87,Manaure,CO,2022-11-18 09:43:55,11.7751,-72.4445,77.13,88,97,10.4
88,Cayenne,GF,2022-11-18 09:43:55,4.9333,-52.3333,71.64,94,0,1.14
89,Port Hawkesbury,CA,2022-11-18 09:43:56,45.6169,-61.3485,33.62,77,0,11.5
90,Hithadhoo,MV,2022-11-18 09:43:56,-0.6,73.0833,81.48,78,31,14.9
91,Avera,US,2022-11-18 09:43:57,33.194,-82.5271,29.37,65,0,5.17
92,Muriwai Beach,NZ,2022-11-18 09:43:57,-36.8167,174.45,61.36,95,48,9.19
93,Khatanga,RU,2022-11-18 09:44:58,71.9667,102.5,-18.81,87,96,8.41
94,Sosnogorsk,RU,2022-11-18 09:44:58,63.6023,53.8817,17.47,95,98,6.31
95,Bail Hongal,IN,2022-11-18 09:44:59,15.8167,74.8667,83.44,26,12,8.9
96,Mar Del Plata,AR,2022-11-18 09:44:59,-38.0023,-57.5575,61.95,92,69,5.75
97,Qaanaaq,GL,2022-11-18 09:44:59,77.484,-69.3632,-12.37,63,36,6.96
98,Cabo San Lucas,MX,2022-11-18 09:42:32,22.8909,-109.9124,72.52,77,19,1.01
99,Cortez,US,2022-11-18 09:45:00,37.3489,-108.5859,22.93,73,0,3.44
100,Terrace Bay,CA,2022-11-18 09:45:01,48.7834,-87.1,18.5,80,98,6.04
101,Paso De Carrasco,UY,2022-11-18 09:41:26,-34.8603,-56.0522,68.14,94,40,0.0
102,Koslan,RU,2022-11-18 09:45:01,63.4564,48.8989,19.63,95,98,4.16
103,Lufilufi,WS,2022-11-18 09:45:02,-13.8745,-171.5986,76.78,73,3,3.0
104,Rudbar,AF,2022-11-18 09:45:02,30.15,62.6,79.54,16,88,3.42
105,Vostok,RU,2022-11-18 09:45:03,46.4856,135.8833,24.35,98,100,2.46
106,Yellowknife,CA,2022-11-18 09:45:03,62.456,-114.3525,18.12,86,40,9.22
107,Linxia,CN,2022-11-18 09:45:04,35.6003,103.2064,43.5,54,6,2.19
108,Port-Gentil,GA,2022-11-18 09:45:04,-0.7193,8.7815,84.16,70,40,9.22
109,Barrow,US,2022-11-18 09:45:05,71.2906,-156.7887,33.82,93,100,12.66
110,Port Elizabeth,ZA,2022-11-18 09:45:05,-33.918,25.5701,70.09,68,75,4.61
111,Bandarbeyla,SO,2022-11-18 09:45:06,9.4942,50.8122,82.67,64,5,18.79
112,Upernavik,GL,2022-11-18 09:45:06,72.7868,-56.1549,9.55,82,22,7.52
113,Bojnurd,IR,2022-11-18 09:45:07,37.4747,57.329,55.35,67,20,2.3
114,East London,ZA,2022-11-18 09:45:08,-33.0153,27.9116,74.34,73,40,3.44
115,Butaritari,KI,2022-11-18 09:45:08,3.0707,172.7902,80.82,80,62,11.77
116,Kaitangata,NZ,2022-11-18 09:45:08,-46.2817,169.8464,53.01,98,100,6.33
117,Nelson Bay,AU,2022-11-18 09:45:09,-32.7167,152.15,64.0,79,1,3.0
118,Punta Arenas,CL,2022-11-18 09:44:25,-53.15,-70.9167,48.31,57,75,9.22
119,Chuy,UY,2022-11-18 09:45:09,-33.6971,-53.4616,67.01,66,81,3.58
120,Mahebourg,MU,2022-11-18 09:45:10,-20.4081,57.7,80.89,47,20,9.22
121,Vardo,NO,2022-11-18 09:45:11,70.3705,31.1107,33.78,80,20,6.91
122,Plaster Rock,CA,2022-11-18 09:45:11,46.9065,-67.39,19.92,93,93,8.88
123,Broome,US,2022-11-18 09:45:11,42.2506,-75.833,31.35,74,100,12.66
124,Palmer,US,2022-11-18 09:45:12,42.1584,-72.3287,32.41,75,0,0.0
125,Waitati,NZ,2022-11-18 09:45:12,-45.75,170.5667,55.8,95,100,3.18
126,Paranaiba,BR,2022-11-18 09:45:13,-19.6772,-51.1908,72.1,50,0,7.54
127,Viedma,AR,2022-11-18 09:45:13,-40.8135,-62.9967,67.69,73,100,8.79
128,San Andres,CO,2022-11-18 09:45:14,12.5847,-81.7006,77.02,94,20,4.61
129,Sao Filipe,CV,2022-11-18 09:45:14,14.8961,-24.4956,80.69,66,100,5.84
130,Birjand,IR,2022-11-18 09:40:15,32.8663,59.2211,54.07,82,100,6.91
131,San Jeronimo,PE,2022-11-18 09:45:15,-11.9472,-75.2829,47.71,82,98,1.81
132,Warah,PK,2022-11-18 09:45:16,27.4481,67.7978,86.4,18,2,2.19
133,Pryazha,RU,2022-11-18 09:45:16,61.6926,33.6216,25.83,63,12,7.23
134,San Cristobal,VE,2022-11-18 09:45:17,7.7669,-72.225,65.32,95,100,2.28
135,Thompson,CA,2022-11-18 09:45:18,55.7435,-97.8558,6.96,85,100,9.22
136,Huarmey,PE,2022-11-18 09:46:19,-10.0681,-78.1522,62.76,91,70,3.49
137,Emba,KZ,2022-11-18 09:46:19,48.8264,58.1442,34.03,59,28,12.35
138,Comodoro Rivadavia,AR,2022-11-18 09:46:20,-45.8667,-67.5,64.26,48,0,6.91
139,Talnakh,RU,2022-11-18 09:46:20,69.4865,88.3972,6.21,90,100,33.78
140,Zyryanovsk,KZ,2022-11-18 09:46:21,49.7386,84.2719,13.05,96,57,2.04
141,Komsomolskiy,UZ,2022-11-18 09:46:21,40.4272,71.7189,50.72,50,99,2.3
142,Husavik,IS,2022-11-18 09:46:22,66.0449,-17.3389,43.84,84,100,17.22
143,Arraial Do Cabo,BR,2022-11-18 09:46:22,-22.9661,-42.0278,66.16,88,40,0.0
144,Aklavik,CA,2022-11-18 09:46:23,68.2191,-135.0107,11.64,82,58,6.02
145,Lebu,CL,2022-11-18 09:46:23,-37.6167,-73.65,55.26,96,45,5.99
146,Oga,IT,2022-11-18 09:46:24,46.4631,10.347,38.8,78,99,7.65
147,Les Cayes,HT,2022-11-18 09:46:24,18.2,-73.75,75.04,87,47,3.13
148,Puerto Ayora,EC,2022-11-18 09:46:25,-0.7393,-90.3518,69.55,88,17,4.0
149,Hasaki,JP,2022-11-18 09:46:25,35.7333,140.8333,52.21,58,76,5.75
150,Faanui,PF,2022-11-18 09:46:26,-16.4833,-151.75,78.21,79,100,8.34
151,Atuona,PF,2022-11-18 09:46:26,-9.8,-139.0333,77.45,72,30,12.55
152,Hvide Sande,DK,2022-11-18 09:46:27,56.0045,8.1294,44.37,70,100,27.78
153,Ponta Do Sol,PT,2022-11-18 09:46:27,32.6667,-17.1,69.12,53,74,8.84
154,Nanortalik,GL,2022-11-18 09:46:28,60.1432,-45.2371,23.09,82,97,3.69
155,Bathsheba,BB,2022-11-18 09:46:28,13.2167,-59.5167,81.21,78,40,18.41
156,Alofi,NU,2022-11-18 09:46:29,-19.0595,-169.9187,69.69,94,40,1.14
157,Alyangula,AU,2022-11-18 09:46:29,-13.8483,136.4192,84.92,73,70,13.18
158,Veraval,IN,2022-11-18 09:46:29,20.9,70.3667,84.2,38,1,6.76
159,Dicabisagan,PH,2022-11-18 09:46:30,17.0818,122.4157,78.37,87,51,4.56
160,Flin Flon,CA,2022-11-18 09:46:30,54.7682,-101.865,18.95,85,100,12.53
161,Nome,US,2022-11-18 09:46:31,64.5011,-165.4064,33.87,100,100,8.05
162,Ankang,CN,2022-11-18 09:46:31,32.68,109.0172,57.81,61,100,1.36
163,Acapulco,MX,2022-11-18 09:46:08,16.8634,-99.8901,78.62,78,100,5.75
164,George,ZA,2022-11-18 09:46:32,-33.963,22.4617,65.75,63,40,8.05
165,Borba,BR,2022-11-18 09:46:32,-4.3878,-59.5939,73.13,93,99,2.3
166,Santarem,BR,2022-11-18 09:46:33,-2.4431,-54.7083,73.53,100,0,2.3
167,Tuktoyaktuk,CA,2022-11-18 09:46:33,69.4541,-133.0374,10.29,79,40,7.14
168,Ucluelet,CA,2022-11-18 09:45:17,48.9329,-125.5528,44.1,59,1,6.15
169,Vila Velha,BR,2022-11-18 09:46:35,-20.3297,-40.2925,71.94,80,20,11.99
170,Watertown,US,2022-11-18 09:45:17,42.3709,-71.1828,33.37,72,0,5.75
171,Chokurdakh,RU,2022-11-18 09:46:35,70.6333,147.9167,-8.21,99,99,4.05
172,Parrita,CR,2022-11-18 09:46:36,9.5201,-84.3225,74.25,82,35,4.43
173,Dingle,PH,2022-11-18 09:46:36,10.9995,122.6711,73.96,92,100,8.39
174,Neyshabur,IR,2022-11-18 09:46:37,36.2133,58.7958,54.73,55,100,5.53
175,Banda Aceh,ID,2022-11-18 09:46:37,5.5577,95.3222,82.81,74,98,13.27
176,Seryshevo,RU,2022-11-18 09:46:37,51.0933,128.3786,15.85,95,94,2.08
177,Bursa,TR,2022-11-18 09:46:38,40.1667,29.0833,66.24,40,78,10.42
178,Santa Cruz De La Palma,ES,2022-11-18 09:43:06,28.6835,-17.7642,71.13,88,75,17.27
179,Klaksvik,FO,2022-11-18 09:46:38,62.2266,-6.589,47.32,82,89,34.78
180,Wairoa,NZ,2022-11-18 09:44:30,-39.0333,177.3667,64.54,88,33,1.99
181,Pangnirtung,CA,2022-11-18 09:46:39,66.1451,-65.7125,-3.3,84,37,6.8
182,Kaliua,TZ,2022-11-18 09:46:39,-5.0606,31.7936,71.98,76,96,4.43
183,Alberton,CA,2022-11-18 09:46:40,46.8168,-64.0654,31.91,73,76,21.77
184,Anloga,GH,2022-11-18 09:46:40,5.7947,0.8973,84.25,63,62,4.18
185,Jiamusi,CN,2022-11-18 09:47:41,46.8333,130.35,30.15,68,9,4.76
186,Gayny,RU,2022-11-18 09:47:41,60.3071,54.3241,15.13,77,70,3.22
187,Sabha,LY,2022-11-18 09:47:41,27.0377,14.4283,75.25,15,6,9.69
188,Cockburn Town,TC,2022-11-18 09:47:42,21.4612,-71.1419,80.71,76,63,16.46
189,Krasnoselkup,RU,2022-11-18 09:47:42,65.7,82.4667,10.53,93,100,25.99
190,Jumla,NP,2022-11-18 09:47:43,29.2747,82.1838,58.59,29,0,6.08
191,Bambous Virieux,MU,2022-11-18 09:47:43,-20.3428,57.7575,80.85,47,20,9.22
192,Mount Isa,AU,2022-11-18 09:47:44,-20.7333,139.5,85.77,26,3,5.75
193,Provideniya,RU,2022-11-18 09:47:44,64.3833,-173.3,27.88,96,99,1.23
194,Usinsk,RU,2022-11-18 09:47:44,65.9939,57.5281,17.4,90,52,10.8
195,Egvekinot,RU,2022-11-18 09:47:45,66.3167,-179.1667,6.57,97,100,3.91
196,Sretensk,RU,2022-11-18 09:47:45,52.2453,117.7093,22.93,90,100,0.98
197,Kavieng,PG,2022-11-18 09:47:46,-2.5744,150.7967,81.72,68,78,10.16
198,Pomabamba,PE,2022-11-18 09:47:46,-8.8333,-77.4667,46.26,90,89,3.53
199,Fairview,US,2022-11-18 09:47:47,40.8126,-73.999,36.61,70,0,15.99
200,Sitka,US,2022-11-18 09:47:47,57.0531,-135.33,37.29,81,0,4.61
201,Iqaluit,CA,2022-11-18 09:47:48,63.7506,-68.5145,11.93,79,100,6.91
202,Nouadhibou,MR,2022-11-18 09:47:48,20.931,-17.0347,71.58,40,0,14.97
203,Georgetown,MY,2022-11-18 09:43:36,5.4112,100.3354,89.53,82,20,8.05
204,Russell,US,2022-11-18 09:45:17,32.3502,-85.1999,31.6,93,0,0.0
205,Iralaya,HN,2022-11-18 09:47:49,15.0,-83.2333,75.87,91,100,8.1
206,General Pico,AR,2022-11-18 09:47:49,-35.6566,-63.7568,70.2,53,76,12.06
207,Torbay,CA,2022-11-18 09:47:50,47.6666,-52.7314,39.58,78,75,31.07
208,Qasigiannguit,GL,2022-11-18 09:47:50,68.8193,-51.1922,23.25,95,100,5.88
209,Bengkulu,ID,2022-11-18 09:47:50,-3.8004,102.2655,78.76,88,59,10.96
210,Leh,IN,2022-11-18 09:47:51,34.1667,77.5833,28.42,48,100,0.13
211,Sambava,MG,2022-11-18 09:47:51,-14.2667,50.1667,81.32,66,30,10.38
212,Dauphin,CA,2022-11-18 09:47:52,51.1494,-100.0502,8.74,72,75,26.46
213,Lasalgaon,IN,2022-11-18 09:47:52,20.15,74.2333,79.86,25,0,10.0
214,Nhamunda,BR,2022-11-18 09:47:52,-2.1861,-56.7131,75.18,58,100,0.65
215,Baturaja,ID,2022-11-18 09:47:53,-4.1333,104.1667,80.04,83,84,3.13
216,Umm Kaddadah,SD,2022-11-18 09:47:53,13.6017,26.6876,83.16,12,3,14.07
217,Port Blair,IN,2022-11-18 09:47:54,11.6667,92.75,82.44,78,40,6.91
218,Ayagoz,KZ,2022-11-18 09:45:45,47.9714,80.4392,22.05,78,48,5.95
219,Ridge,US,2022-11-18 09:47:54,40.894,-72.8959,37.22,66,0,4.61
220,Asau,RO,2022-11-18 09:47:55,46.4333,26.4,34.72,63,86,4.81
221,Vila Nova De Milfontes,PT,2022-11-18 09:47:55,37.7238,-8.7828,60.26,64,26,16.08
222,Luderitz,NA,2022-11-18 09:47:56,-26.6481,15.1594,75.81,41,73,22.06
223,Sept-Iles,CA,2022-11-18 09:47:56,50.2001,-66.3821,24.06,81,100,5.75
224,Simpang,ID,2022-11-18 09:47:56,-1.2667,104.0833,83.73,74,100,1.57
225,Andenes,NO,2022-11-18 09:47:57,69.3143,16.1194,35.58,75,0,13.8
226,College,US,2022-11-18 09:47:57,64.8569,-147.8028,9.99,84,0,0.0
227,Belmonte,BR,2022-11-18 09:47:58,-15.8631,-38.8828,73.83,91,100,7.0
228,Pisco,PE,2022-11-18 09:47:58,-13.7,-76.2167,60.85,88,0,6.91
229,Castro,BR,2022-11-18 09:47:59,-24.7911,-50.0119,52.83,61,0,4.7
230,Axim,GH,2022-11-18 09:47:59,4.8699,-2.2405,84.31,65,9,3.24
231,Iquique,CL,2022-11-18 09:46:15,-20.2208,-70.1431,64.44,71,85,1.81
232,Dakar,SN,2022-11-18 09:49:00,14.6937,-17.4441,85.08,44,21,9.22
233,Leshukonskoye,RU,2022-11-18 09:49:00,64.8989,45.7622,31.87,94,100,4.74
234,Mayo,US,2022-11-18 09:49:01,38.8876,-76.5119,37.98,74,40,12.66
235,Olafsvik,IS,2022-11-18 09:49:01,64.8945,-23.7142,43.39,79,84,13.44
236,Pervomayskoye,RU,2022-11-18 09:49:02,43.919,46.7102,60.3,58,84,10.27
237,Benghazi,LY,2022-11-18 09:49:02,32.1167,20.0667,74.41,56,7,10.6
238,Yabassi,CM,2022-11-18 09:49:03,4.457,9.9682,89.49,57,91,1.83
239,Marzuq,YE,2022-11-18 09:49:03,14.4,46.4667,81.97,17,36,9.82
240,Airai,TL,2022-11-18 09:49:03,-8.9266,125.4092,65.19,89,100,1.88
241,Tarrega,ES,2022-11-18 09:47:47,41.647,1.1396,56.14,60,100,7.25
242,Manta,EC,2022-11-18 09:49:04,-0.95,-80.7333,71.38,83,100,5.75
243,Upington,ZA,2022-11-18 09:49:04,-28.4478,21.2561,82.78,16,0,8.05
244,Ambovombe,MG,2022-11-18 09:49:05,-25.1667,46.0833,82.38,53,1,12.35
245,Mahroni,IN,2022-11-18 09:49:05,24.5862,78.7288,77.2,21,0,7.23
246,Vieksniai,LT,2022-11-18 09:49:05,56.2333,22.5167,28.44,61,65,12.8
247,Salalah,OM,2022-11-18 09:47:46,17.0151,54.0924,86.09,58,20,9.22
248,Belaya Gora,RU,2022-11-18 09:49:06,68.5333,146.4167,-17.23,93,98,5.12
249,Moron,AR,2022-11-18 09:45:35,-34.6534,-58.6198,74.97,65,78,7.34
250,Vyazemskiy,RU,2022-11-18 09:49:07,47.5378,134.7525,27.55,97,99,6.71
251,Takoradi,GH,2022-11-18 09:49:07,4.8845,-1.7554,83.41,65,32,4.68
252,Constantine,DZ,2022-11-18 09:46:31,36.365,6.6147,67.41,52,20,10.36
253,Nerchinskiy Zavod,RU,2022-11-18 09:49:08,51.3088,119.61,16.14,97,100,2.21
254,Maymyo,MM,2022-11-18 09:49:08,22.0333,96.4667,70.45,74,27,2.57
255,Kalianget,ID,2022-11-18 09:49:09,-7.05,113.9333,81.34,76,100,0.4
256,Honningsvag,NO,2022-11-18 09:49:09,70.9821,25.9704,35.35,75,55,18.41
257,Abonnema,NG,2022-11-18 09:49:09,4.7084,6.7931,87.84,58,38,3.13
258,Kirakira,SB,2022-11-18 09:49:10,-10.4544,161.9205,78.75,83,96,4.68
259,Mayahi,NE,2022-11-18 09:49:10,13.9553,7.6712,83.43,15,32,14.99
260,Kiama,AU,2022-11-18 09:46:55,-34.6833,150.8667,62.01,80,13,3.02
261,Yumen,CN,2022-11-18 09:49:11,40.2833,97.2,41.23,20,0,13.04
262,Harper,LR,2022-11-18 09:49:11,4.375,-7.7169,82.71,69,14,7.38
263,Say,NE,2022-11-18 09:49:12,13.1007,2.3689,86.56,18,25,12.62
264,Lalibela,ET,2022-11-18 09:49:12,12.0333,39.0333,73.02,25,5,6.02
265,Constitucion,CL,2022-11-18 09:49:12,-35.3333,-72.4167,55.17,88,8,7.36
266,Mao,ES,2022-11-18 09:49:13,39.8885,4.2658,63.16,77,40,6.91
267,Tupelo,US,2022-11-18 09:49:13,34.2576,-88.7034,28.69,74,0,0.0
268,Tebingtinggi,ID,2022-11-18 09:49:14,3.3285,99.1625,80.26,85,100,4.76
269,Santa Lucia,ES,2022-11-18 09:49:14,27.9117,-15.5407,67.32,64,20,14.97
270,Gori,GE,2022-11-18 09:49:14,41.9842,44.1158,56.55,53,100,17.6
271,Araouane,ML,2022-11-18 09:49:15,18.9048,-3.5265,80.22,11,16,10.42
272,Tura,IN,2022-11-18 09:49:16,25.5198,90.2201,73.13,72,2,2.82
273,Huilong,CN,2022-11-18 09:49:16,31.8111,121.655,62.92,83,100,13.31
274,Kloulklubed,PW,2022-11-18 09:49:17,7.0419,134.2556,77.5,73,99,7.31
275,Ndioum,SN,2022-11-18 09:49:17,16.5129,-14.6471,71.49,12,0,16.55
276,Vallenar,CL,2022-11-18 09:50:17,-28.5708,-70.7581,64.11,74,0,3.04
277,Fukue,JP,2022-11-18 09:50:18,32.6881,128.8419,64.76,63,75,5.75
278,Wladyslawowo,PL,2022-11-18 09:46:08,54.7909,18.4009,34.48,64,100,18.23
279,Muli,MV,2022-11-18 09:50:19,2.9167,73.5667,81.88,76,100,16.98
280,Saint Anthony,US,2022-11-18 09:45:20,45.0205,-93.218,19.81,84,40,12.66
281,Montmagny,FR,2022-11-18 09:48:55,48.9734,2.3469,50.63,84,75,11.5
282,Bilibino,RU,2022-11-18 09:50:20,68.0546,166.4372,-29.67,99,77,3.18
283,Kapit,MY,2022-11-18 09:50:20,2.0167,112.9333,75.56,98,100,0.85
284,Kruisfontein,ZA,2022-11-18 09:50:20,-34.0033,24.7314,67.41,58,100,11.97
285,Atasu,KZ,2022-11-18 09:50:21,48.6814,71.6433,22.24,85,100,7.47
286,Magaria,NE,2022-11-18 09:50:21,12.9983,8.9099,84.56,15,5,12.33
287,Eureka,US,2022-11-18 09:50:22,40.8021,-124.1637,43.99,97,93,4.32
288,Codrington,AU,2022-11-18 09:50:22,-38.2667,141.9667,62.65,73,100,9.66
289,Las Vegas,US,2022-11-18 09:50:22,36.175,-115.1372,48.69,36,0,3.44
290,Sistranda,NO,2022-11-18 09:48:41,63.7256,8.834,39.16,50,6,24.47
291,Westport,US,2022-11-18 09:50:23,41.1415,-73.3579,37.18,71,0,10.36
292,Ostrovnoy,RU,2022-11-18 09:50:23,68.0531,39.5131,35.33,75,100,6.96
293,Haines Junction,CA,2022-11-18 09:50:24,60.7522,-137.5108,6.75,85,98,0.0
294,Springfield,US,2022-11-18 09:48:01,37.2153,-93.2982,30.85,52,100,12.66
295,Saldanha,ZA,2022-11-18 09:50:25,-33.0117,17.9442,63.18,59,95,10.67
296,Kiunga,PG,2022-11-18 09:50:26,-6.1219,141.2906,77.13,89,69,1.7
297,Nalbari,IN,2022-11-18 09:50:26,26.4456,91.4354,80.58,61,0,7.27
298,Labuan,MY,2022-11-18 09:50:26,5.2767,115.2417,80.96,88,40,3.44
299,Dabola,GN,2022-11-18 09:50:27,10.75,-11.1167,78.1,33,100,3.78
300,Corumba,BR,2022-11-18 09:46:53,-19.0092,-57.6533,69.75,54,1,2.75
301,Tasiilaq,GL,2022-11-18 09:50:27,65.6145,-37.6368,36.25,90,100,24.36
302,Santa Rosa,PH,2022-11-18 09:48:43,14.3122,121.1114,82.38,87,98,11.18
303,Santa Fe Do Sul,BR,2022-11-18 09:50:28,-20.2111,-50.9258,70.88,52,0,12.08
304,Davila,PH,2022-11-18 09:50:28,18.4726,120.5763,89.58,81,27,19.1
305,Manokwari,ID,2022-11-18 09:50:29,-0.8667,134.0833,80.17,82,93,3.96
306,General Roca,AR,2022-11-18 09:50:29,-39.0333,-67.5833,69.98,57,71,6.78
307,Maceo,CO,2022-11-18 09:50:30,6.552,-74.7874,65.64,99,100,1.39
308,Fairlie,GB,2022-11-18 09:50:30,55.756,-4.8556,47.48,90,100,1.01
309,Sisimiut,GL,2022-11-18 09:50:31,66.9395,-53.6735,17.49,82,100,10.09
310,Lazaro Cardenas,MX,2022-11-18 09:50:31,17.9583,-102.2,73.98,91,5,4.29
311,Lavrentiya,RU,2022-11-18 09:50:32,65.5833,-171.0,30.52,90,32,11.65
312,Kaeo,NZ,2022-11-18 09:50:32,-35.1,173.7833,61.32,92,45,8.1
313,Romny,UA,2022-11-18 09:50:32,50.751,33.4747,29.55,63,36,3.29
314,Sorland,NO,2022-11-18 09:50:33,67.667,12.6934,44.46,53,91,8.43
315,Roblin,CA,2022-11-18 09:50:33,51.23,-101.3565,6.12,87,100,14.43
316,Fare,PF,2022-11-18 09:50:34,-16.7,-151.0167,77.56,78,98,2.21
317,Petropavlovsk-Kamchatskiy,RU,2022-11-18 09:50:35,53.0452,158.6483,16.39,57,0,6.71
318,Fuling,CN,2022-11-18 09:50:35,29.7022,107.3919,61.48,85,100,0.47
319,Atikokan,CA,2022-11-18 09:50:35,48.7555,-91.6216,12.2,93,99,7.31
320,Serpa,PT,2022-11-18 09:50:36,37.9458,-7.5975,53.56,67,8,17.36
321,Jiangkou,CN,2022-11-18 09:51:36,25.4872,119.1986,70.57,76,15,9.8
322,Keti Bandar,PK,2022-11-18 09:51:37,24.1447,67.4497,84.02,41,0,10.31
323,Jacareacanga,BR,2022-11-18 09:51:36,-6.2222,-57.7528,73.9,93,100,1.5
324,Kaduqli,SD,2022-11-18 09:51:37,11.0167,29.7167,92.59,14,3,10.11
325,Tessalit,ML,2022-11-18 09:51:38,20.1986,1.0114,79.95,12,82,12.64
326,Tripoli,LY,2022-11-18 09:51:01,32.8752,13.1875,73.63,49,0,14.07
327,Ler,SS,2022-11-18 09:51:38,8.3018,30.1418,95.67,17,10,6.46
328,Gouyave,GD,2022-11-18 09:51:39,12.1646,-61.7296,77.77,83,20,11.5
329,Saint George,US,2022-11-18 09:51:39,37.1041,-113.5841,36.19,51,0,0.0
330,Xichang,CN,2022-11-18 09:51:40,27.8964,102.2634,58.75,54,0,2.48
331,Bull Savanna,JM,2022-11-18 09:51:40,17.8868,-77.5902,72.64,84,86,5.12
332,Kulunda,RU,2022-11-18 09:51:40,52.566,78.9385,17.71,67,53,5.06
333,Adrar,MR,2022-11-18 09:51:41,20.5022,-10.0711,75.24,13,0,7.67
334,Nizhniy Kuranakh,RU,2022-11-18 09:51:41,58.8353,125.4869,6.8,97,88,3.6
335,Victoria,HK,2022-11-18 09:50:02,22.2855,114.1577,79.18,80,0,17.0
336,Cravo Norte,CO,2022-11-18 09:51:42,6.3017,-70.2041,73.0,94,86,2.95
337,High Rock,BS,2022-11-18 09:51:42,26.6208,-78.2833,71.62,70,91,14.97
338,Riohacha,CO,2022-11-18 09:51:43,11.5444,-72.9072,76.5,91,100,7.58
339,Umm Lajj,SA,2022-11-18 09:51:43,25.0213,37.2685,78.85,43,86,12.24
340,Pilar,BR,2022-11-18 09:51:43,-9.5972,-35.9567,73.33,79,53,4.79
341,Campo Grande,BR,2022-11-18 09:51:44,-20.4428,-54.6464,69.35,49,0,10.36
342,Broken Hill,AU,2022-11-18 09:49:21,-31.95,141.4333,72.59,29,97,8.75
343,Ambon,ID,2022-11-18 09:51:44,-3.6954,128.1814,84.34,79,40,3.44
344,Guiren,CN,2022-11-18 09:51:45,33.6697,118.1889,60.01,67,100,5.86
345,Matara,LK,2022-11-18 09:51:45,5.9485,80.5353,85.19,50,100,3.36
346,Katubao,PH,2022-11-18 09:51:46,5.8892,124.8294,80.58,83,99,3.02
347,Tahe,CN,2022-11-18 09:51:46,52.3333,124.7333,13.73,96,89,2.06
348,Oda,JP,2022-11-18 09:51:46,35.1833,132.5,56.17,70,0,9.37
349,Cabedelo,BR,2022-11-18 09:51:47,-6.9811,-34.8339,75.87,72,50,10.74
350,Elizabeth City,US,2022-11-18 09:51:47,36.2946,-76.2511,33.82,85,0,9.22
351,Madera,US,2022-11-18 09:51:48,37.1666,-119.8343,53.08,56,10,2.71
352,Portland,US,2022-11-18 09:50:43,45.5234,-122.6762,42.75,49,0,14.97
353,Las Tunas,CU,2022-11-18 09:51:49,20.9617,-76.9511,72.25,95,78,7.43
354,Taitung,TW,2022-11-18 09:51:49,22.7583,121.1444,75.47,94,20,2.3
355,Port Jervis,US,2022-11-18 09:51:49,41.3751,-74.6927,32.02,83,19,7.92
356,Muros,ES,2022-11-18 09:51:50,42.7762,-9.0603,49.68,96,38,12.41
357,Katsuura,JP,2022-11-18 09:51:50,35.1333,140.3,60.33,72,98,8.61
358,Gari,RU,2022-11-18 09:51:51,59.4307,62.3497,14.56,78,2,7.83
359,Tezu,IN,2022-11-18 09:51:51,27.9167,96.1667,70.61,53,0,1.68
360,Kailua,US,2022-11-18 09:51:52,21.4022,-157.7394,75.18,83,88,8.39
361,Zhigansk,RU,2022-11-18 09:51:52,66.7697,123.3711,-21.86,95,83,8.72
362,Warrington,GB,2022-11-18 09:51:53,53.3925,-2.5802,50.11,92,75,16.11
363,Hami,CN,2022-11-18 09:51:53,42.8,93.45,40.48,45,11,5.39
364,Iquitos,PE,2022-11-18 09:51:54,-3.7481,-73.2472,73.44,94,75,2.3
365,Unai,BR,2022-11-18 09:51:54,-16.3575,-46.9061,73.62,76,0,3.74
366,The Valley,AI,2022-11-18 09:51:54,18.217,-63.0578,80.1,70,2,18.86
367,Fort Nelson,CA,2022-11-18 09:51:55,58.8053,-122.7002,-2.61,84,0,2.3
368,Alice Springs,AU,2022-11-18 09:50:01,-23.7,133.8833,85.55,39,40,25.32
369,Yongan,CN,2022-11-18 09:52:55,39.6957,113.6871,40.84,71,98,7.05
370,Wattegama,LK,2022-11-18 09:52:56,6.7989,81.4808,83.55,54,100,6.02
371,Mount Gambier,AU,2022-11-18 09:52:56,-37.8333,140.7667,58.08,80,100,4.45
372,Amapa,BR,2022-11-18 09:52:57,1.0,-52.0,72.64,92,84,1.86
373,Manzanillo,CU,2022-11-18 09:52:57,20.3433,-77.1167,71.94,94,99,8.59
374,Krasnoborsk,RU,2022-11-18 09:52:57,61.5598,45.934,18.72,74,14,1.81
375,Tevriz,RU,2022-11-18 09:52:58,57.509,72.4042,5.2,87,24,5.91
376,Marystown,CA,2022-11-18 09:52:58,47.1666,-55.1483,38.5,75,64,30.58
377,Mitchell,US,2022-11-18 09:52:16,43.7094,-98.0298,10.74,77,0,13.8
378,Saint-Louis,SN,2022-11-18 09:52:59,16.3333,-15.0,71.24,12,1,16.8
379,Menongue,AO,2022-11-18 09:52:59,-14.6585,17.691,93.96,20,3,8.39
380,Pacific Grove,US,2022-11-18 09:53:00,36.6177,-121.9166,51.42,90,75,8.99
381,Calvia,ES,2022-11-18 09:53:00,39.5657,2.5062,69.91,48,70,6.35
382,La Huerta,MX,2022-11-18 09:53:00,19.4667,-104.65,66.6,92,8,3.65
383,Campo Gobierno,MX,2022-11-18 09:53:01,24.6536,-107.5411,58.19,89,39,2.89
384,Ossora,RU,2022-11-18 09:53:01,59.2353,163.0719,14.9,81,24,7.18
385,Tunceli,TR,2022-11-18 09:53:02,39.1083,39.5471,50.5,74,99,2.73
386,Glendive,US,2022-11-18 09:53:02,47.1053,-104.7125,3.18,80,0,9.22
387,Sandakan,MY,2022-11-18 09:53:03,5.8402,118.1179,78.48,94,40,3.44
388,Hunchun,CN,2022-11-18 09:53:03,42.8675,130.3581,37.18,66,5,3.83
389,Biak,ID,2022-11-18 09:53:03,-0.9131,122.8766,78.93,82,100,1.88
390,Suntar,RU,2022-11-18 09:53:04,62.1444,117.6319,-17.66,99,67,3.42
391,Ancud,CL,2022-11-18 09:53:04,-41.8697,-73.8203,53.46,97,100,3.56
392,Prince Rupert,CA,2022-11-18 09:53:05,54.3161,-130.3201,44.29,64,0,3.44
393,Bubaque,GW,2022-11-18 09:53:05,11.2833,-15.8333,81.32,55,100,13.27
394,Korla,CN,2022-11-18 09:53:05,41.7597,86.1469,44.51,22,11,3.13
395,Lishu,CN,2022-11-18 09:53:06,43.3047,124.3278,33.46,84,100,6.29
396,Puerto Madryn,AR,2022-11-18 09:50:54,-42.7692,-65.0385,65.01,74,100,3.4
397,Pemba,MZ,2022-11-18 09:53:07,-12.974,40.5178,84.9,70,20,13.8
398,Ribeira Grande,PT,2022-11-18 09:53:07,38.5167,-28.7,61.2,63,75,5.75
399,Thaba Nchu,ZA,2022-11-18 09:53:08,-29.2093,26.839,84.52,16,37,17.9
400,Brae,GB,2022-11-18 09:53:08,60.3964,-1.353,45.41,70,100,33.46
401,Carnarvon,AU,2022-11-18 09:53:09,-24.8667,113.6333,66.4,51,9,25.21
402,Saint-Augustin,CA,2022-11-18 09:53:09,51.226,-58.6502,28.13,95,100,10.13
403,Ahmadpur,IN,2022-11-18 09:50:29,18.7,76.9333,80.01,33,1,9.82
404,Mufulira,ZM,2022-11-18 09:53:10,-12.5498,28.2407,88.12,30,8,5.53
405,Sao Joao Do Piaui,BR,2022-11-18 09:53:10,-8.3581,-42.2467,82.58,51,100,4.25
406,Olinda,BR,2022-11-18 09:53:11,-8.0089,-34.8553,80.33,74,40,5.75
407,Siguiri,GN,2022-11-18 09:53:11,11.6667,-9.5,84.34,17,91,8.12
408,Angoche,MZ,2022-11-18 09:53:11,-16.2325,39.9086,87.91,57,4,14.41
409,Coari,BR,2022-11-18 09:53:12,-4.085,-63.1414,72.03,99,100,2.82
410,Hamilton,US,2022-11-18 09:53:12,39.1834,-84.5333,32.86,70,82,4.0
411,Ahipara,NZ,2022-11-18 09:53:13,-35.1667,173.1667,58.93,89,71,10.6
412,New York,US,2022-11-18 09:51:27,40.7143,-74.006,37.17,69,3,15.99
413,Buraydah,SA,2022-11-18 09:52:20,26.326,43.975,73.85,41,100,13.15
414,Lucapa,AO,2022-11-18 09:53:14,-8.4192,20.7447,68.14,92,99,4.85
415,Kununurra,AU,2022-11-18 09:53:14,-15.7667,128.7333,85.98,66,100,18.41
416,Mitu,CO,2022-11-18 09:53:15,1.1983,-70.1733,70.05,100,97,0.63
417,Bourail,NC,2022-11-18 09:54:15,-21.5667,165.4833,74.44,77,100,5.14
418,Nishihara,JP,2022-11-18 09:54:16,26.1842,127.7558,76.68,94,40,5.75
419,Kirchzarten,DE,2022-11-18 09:54:16,47.9667,7.95,49.32,91,100,4.0
420,Camacha,PT,2022-11-18 09:54:17,33.0833,-16.3333,63.82,63,40,16.11
421,Atar,MR,2022-11-18 09:54:17,20.5169,-13.0499,77.05,15,0,4.61
422,Muzhi,RU,2022-11-18 09:54:18,65.3667,64.6667,23.9,78,95,19.64
423,Sao Joao Da Barra,BR,2022-11-18 09:54:18,-21.6403,-41.0511,71.69,80,0,10.45
424,Teluknaga,ID,2022-11-18 09:54:19,-6.0989,106.6381,87.15,79,40,18.41
425,Whitehorse,CA,2022-11-18 09:54:19,60.7161,-135.0538,11.17,92,100,6.91
426,Arona,ES,2022-11-18 09:54:20,28.0996,-16.681,69.12,74,20,6.91
427,Svetlaya,RU,2022-11-18 09:54:21,46.5389,138.3297,29.98,78,77,6.67
428,Saint-Georges,GD,2022-11-18 09:54:21,12.0564,-61.7485,78.48,83,20,11.5
429,Mount Barker,AU,2022-11-18 09:54:22,-35.0667,138.8667,64.13,81,5,13.27
430,Onega,RU,2022-11-18 09:54:22,63.9061,38.1404,28.8,89,100,0.94
431,Raga,SS,2022-11-18 09:54:22,8.4596,25.678,91.4,15,50,7.05
432,Vanimo,PG,2022-11-18 09:54:23,-2.6741,141.3028,79.81,83,100,4.9
433,Flinders,AU,2022-11-18 09:54:23,-34.5833,150.8552,58.37,79,15,3.22
434,Rundu,NA,2022-11-18 09:54:24,-17.9333,19.7667,97.32,14,0,6.58
435,Souillac,MU,2022-11-18 09:54:24,-20.5167,57.5167,80.98,47,20,9.22
436,Kousseri,CM,2022-11-18 09:53:27,12.0769,15.0306,87.76,16,0,12.66
437,Tornio,FI,2022-11-18 09:54:25,65.8481,24.1466,15.82,74,25,6.26
438,Nago,JP,2022-11-18 09:54:25,26.5881,127.9761,77.45,87,19,1.23
439,Okato,NZ,2022-11-18 09:54:26,-39.2,173.8833,59.52,100,34,4.47
440,Ust-Kalmanka,RU,2022-11-18 09:54:26,52.1207,83.305,23.92,81,100,5.46
441,Manyana,BW,2022-11-18 09:54:27,-23.4,21.7167,91.56,18,62,8.43
442,Springbok,ZA,2022-11-18 09:54:27,-29.6643,17.8865,74.5,12,44,12.93
443,San Patricio,US,2022-11-18 09:52:52,28.017,-97.5169,56.84,58,100,9.08
444,Silver City,US,2022-11-18 09:54:28,32.7701,-108.2803,36.63,64,0,9.22
445,Bethel,US,2022-11-18 09:54:28,41.3712,-73.414,34.54,75,7,1.99
446,Zavodskoy,RU,2022-11-18 09:54:28,43.4597,132.2922,36.99,55,2,2.24
447,Adre,TD,2022-11-18 09:54:29,13.4667,22.2,84.83,16,0,10.0
448,Tilichiki,RU,2022-11-18 09:54:29,60.4667,166.1,1.92,98,68,5.53
449,Makakilo City,US,2022-11-18 09:54:30,21.3469,-158.0858,73.56,82,20,3.44
450,Yulara,AU,2022-11-18 09:53:41,-25.2406,130.9889,87.15,34,21,15.59
451,Bansi,IN,2022-11-18 09:54:30,27.1833,82.9333,77.11,29,0,2.86
452,San Jose,US,2022-11-18 09:50:15,37.3394,-121.895,52.59,72,0,3.44
453,North Bend,US,2022-11-18 09:54:32,43.4065,-124.2243,40.06,94,0,0.0
454,Valparaiso,CL,2022-11-18 09:54:32,-33.0393,-71.6273,61.48,100,75,2.3
455,Quatre Cocos,MU,2022-11-18 09:54:33,-20.2078,57.7625,80.71,56,2,8.5
456,Mehamn,NO,2022-11-18 09:54:33,71.0357,27.8492,35.55,87,0,11.5
457,Leningradskiy,RU,2022-11-18 09:54:34,69.3833,178.4167,-2.83,95,67,10.11
458,Likasi,CD,2022-11-18 09:54:34,-10.9814,26.7333,77.68,63,8,4.65
459,Rubtsovsk,RU,2022-11-18 09:54:30,51.5,81.25,22.78,77,100,2.53
460,Bollnas,SE,2022-11-18 09:54:35,61.3482,16.3946,35.49,70,100,5.46
461,Lincoln,US,2022-11-18 09:55:34,40.8,-96.667,15.53,70,6,5.99
462,Barcelos,PT,2022-11-18 09:55:35,41.5388,-8.6151,53.85,79,24,5.68
463,Baykit,RU,2022-11-18 09:55:36,61.67,96.37,-0.96,96,100,5.28
464,Alegrete,BR,2022-11-18 09:55:36,-29.7831,-55.7919,67.01,47,0,11.45
465,Qandala,SO,2022-11-18 09:55:36,11.472,49.8728,81.64,60,15,8.39
466,Isangel,VU,2022-11-18 09:55:37,-19.55,169.2667,78.82,84,49,5.3
467,Doha,QA,2022-11-18 09:55:07,25.2867,51.5333,91.38,43,0,14.97
468,Abha,SA,2022-11-18 09:55:39,18.2164,42.5053,73.22,31,20,9.22
469,Hailin,CN,2022-11-18 09:55:39,44.5833,129.4167,25.72,87,4,3.0
470,Mokhsogollokh,RU,2022-11-18 09:55:39,61.4681,128.9203,-6.83,100,94,0.72
471,Havoysund,NO,2022-11-18 09:55:40,70.9963,24.6622,35.83,62,74,9.26
472,Kahului,US,2022-11-18 09:55:40,20.8947,-156.47,79.84,77,88,3.0
473,Kuldur,RU,2022-11-18 09:55:41,49.2167,131.6333,21.83,96,86,5.03
474,Kurumkan,RU,2022-11-18 09:55:41,54.3,110.3,15.82,82,26,7.0
475,Barcelona,ES,2022-11-18 09:53:15,41.3888,2.159,62.69,68,20,13.8
476,Half Moon Bay,US,2022-11-18 09:55:42,37.4636,-122.4286,51.91,78,20,8.05
477,Coahuayana,MX,2022-11-18 09:55:42,18.7333,-103.6833,72.46,93,1,3.74
478,Beringovskiy,RU,2022-11-18 09:55:43,63.05,179.3167,19.94,87,100,8.79
479,Aykhal,RU,2022-11-18 09:53:10,66.0,111.5,-16.73,94,94,12.82
480,Kimbe,PG,2022-11-18 09:50:59,-5.5502,150.1429,77.76,90,100,1.59
481,Ropczyce,PL,2022-11-18 09:55:43,50.0523,21.6089,33.82,88,100,6.73
482,San Quintin,MX,2022-11-18 09:55:44,30.4833,-115.95,58.24,49,84,5.44
483,Daru,PG,2022-11-18 09:55:44,-9.0763,143.2092,81.19,80,100,6.71
484,San Vicente,AR,2022-11-18 09:55:44,-26.6167,-54.1333,62.24,59,0,4.0
485,Waddan,LY,2022-11-18 09:55:45,29.1614,16.139,77.22,16,5,9.86
486,Yashkul,RU,2022-11-18 09:55:45,46.1711,45.3435,56.19,62,100,16.78
487,Uren,RU,2022-11-18 09:55:46,57.4552,45.7852,25.81,69,94,13.56
488,Pringsewu,ID,2022-11-18 09:55:46,-5.3582,104.9744,79.48,86,100,4.68
489,Byron Bay,AU,2022-11-18 09:55:46,-28.65,153.6167,62.71,71,8,2.89
490,Cervo,ES,2022-11-18 09:55:47,43.6702,-7.4101,50.97,74,74,14.29
491,Bose,IT,2022-11-18 09:55:47,45.4612,8.0137,58.28,62,0,2.86
492,Vestmannaeyjar,IS,2022-11-18 09:55:48,63.4427,-20.2734,45.59,70,20,12.66
493,Orlea,RO,2022-11-18 09:55:48,43.75,24.3833,56.16,57,100,7.67
494,Kysyl-Syr,RU,2022-11-18 09:55:49,63.8986,122.7617,-30.21,100,22,2.64
495,Galesburg,US,2022-11-18 09:55:49,40.9478,-90.3712,22.96,84,100,16.11
496,Nanyang,CN,2022-11-18 09:55:49,32.9947,112.5328,56.5,77,88,10.04
497,Kawalu,ID,2022-11-18 09:55:50,-7.3817,108.2082,75.87,91,100,0.74
498,Hashtrud,IR,2022-11-18 09:55:50,37.4779,47.0508,50.9,38,2,19.24
499,Puerto Del Rosario,ES,2022-11-18 09:55:51,28.5004,-13.8627,74.95,73,40,13.8
500,Hofn,IS,2022-11-18 09:55:51,64.2539,-15.2082,46.42,93,100,17.27
501,Praxedis Guerrero,MX,2022-11-18 09:55:51,31.3667,-106.0167,39.65,45,97,5.79
502,Cap-Aux-Meules,CA,2022-11-18 09:55:52,47.3821,-61.8597,33.82,69,100,26.46
503,Varzob,TJ,2022-11-18 09:55:52,38.7737,68.8178,55.13,62,100,5.79
504,Binga,ZW,2022-11-18 09:55:53,-17.6203,27.3414,91.4,34,2,10.51
505,Los Llanos De Aridane,ES,2022-11-18 09:55:53,28.6585,-17.9182,67.12,80,75,17.27
506,Qostanay,KZ,2022-11-18 09:55:54,53.1667,63.5833,12.49,73,0,6.71
507,Coquimbo,CL,2022-11-18 09:55:54,-29.9533,-71.3436,56.93,100,100,5.75
508,Kupang,ID,2022-11-18 09:55:55,-10.1667,123.5833,81.18,89,40,2.3
509,Outjo,NA,2022-11-18 09:56:55,-20.1167,16.15,93.52,20,22,10.92
510,Karratha,AU,2022-11-18 09:52:39,-20.7377,116.8463,80.91,40,14,22.91
511,Saint Helens,GB,2022-11-18 09:56:56,53.45,-2.7333,50.76,92,75,16.11
512,Elhovo,BG,2022-11-18 09:56:56,42.1667,26.5667,66.15,75,35,8.1
513,West Bay,KY,2022-11-18 09:53:26,19.3667,-81.4167,80.01,88,100,4.0
514,Progreso,MX,2022-11-18 09:56:57,21.2833,-89.6667,74.1,89,22,12.84
515,Hurghada,EG,2022-11-18 09:56:35,27.2574,33.8129,77.04,31,0,13.8
516,Linguere,SN,2022-11-18 09:56:57,15.3953,-15.1193,82.62,74,0,4.61
517,Verkhnyaya Inta,RU,2022-11-18 09:56:58,65.9811,60.3094,18.28,90,100,14.38
518,Roebourne,AU,2022-11-18 09:56:58,-20.7833,117.1333,86.23,25,4,15.95
519,Ibaiti,BR,2022-11-18 09:56:59,-23.8486,-50.1878,53.46,59,0,4.29
520,Chiredzi,ZW,2022-11-18 09:56:59,-21.05,31.6667,98.1,21,2,10.83
521,Guadalupe,MX,2022-11-18 09:53:08,25.6833,-100.25,49.35,83,92,3.31
522,Sompeta,IN,2022-11-18 09:57:00,18.9333,84.6,80.89,49,25,12.33
523,Mugur-Aksy,RU,2022-11-18 09:57:00,50.35,90.5,4.3,81,44,4.76
524,Oudtshoorn,ZA,2022-11-18 09:57:00,-33.5907,22.2014,64.76,47,94,10.33
525,Mogadishu,SO,2022-11-18 09:52:29,2.0371,45.3438,85.87,79,75,12.66
526,Gwadar,PK,2022-11-18 09:57:01,25.1216,62.3254,82.13,57,57,15.01
527,Okhotsk,RU,2022-11-18 09:57:01,59.3833,143.3,-1.5,75,4,10.2
528,Newcastleton,GB,2022-11-18 09:57:02,55.1796,-2.8127,46.74,92,100,8.86
529,Storforshei,NO,2022-11-18 09:57:02,66.4043,14.5233,35.29,32,3,6.15
530,Santiago Del Estero,AR,2022-11-18 09:57:03,-27.7951,-64.2615,75.15,38,0,11.56
531,Santa Cruz,BO,2022-11-18 09:52:14,-17.8,-63.1667,67.46,83,71,4.61
532,Licata,IT,2022-11-18 09:57:03,37.1071,13.9461,68.23,73,24,19.3
533,Ngerengere,TZ,2022-11-18 09:57:04,-6.75,38.1167,92.97,40,85,2.66
534,Sakakah,SA,2022-11-18 09:57:04,29.9697,40.2064,62.17,38,7,8.25
535,Tabuk,PH,2022-11-18 09:57:05,17.4189,121.4443,78.26,79,44,2.33
536,Port Augusta,AU,2022-11-18 09:57:05,-32.5,137.7667,74.08,35,1,12.82
537,Ndele,CF,2022-11-18 09:57:06,8.4109,20.6473,95.34,18,61,5.41
538,Demir Kapija,MK,2022-11-18 09:57:06,41.405,22.2489,67.41,53,19,4.52
539,Yatou,CN,2022-11-18 09:57:06,37.15,122.3833,52.72,64,68,5.7
540,San Carlos De Bariloche,AR,2022-11-18 09:57:07,-41.1456,-71.3082,49.75,87,75,4.61
541,Malaya Vishera,RU,2022-11-18 09:57:08,58.8454,32.2222,24.33,62,99,9.86
542,Yamada,JP,2022-11-18 09:56:00,39.4667,141.95,44.87,80,66,7.27
543,Shimanovsk,RU,2022-11-18 09:57:08,52.0,127.7,11.48,97,70,1.34
544,Tazovskiy,RU,2022-11-18 09:57:09,67.4667,78.7,16.68,93,100,17.85
545,Arlit,NE,2022-11-18 09:56:08,18.7369,7.3853,79.77,12,11,2.06
546,Namatanai,PG,2022-11-18 09:57:09,-3.6667,152.4333,80.46,72,33,8.34
547,Champerico,GT,2022-11-18 09:57:10,14.3,-91.9167,77.07,79,18,4.07
548,Abapo,BO,2022-11-18 09:57:10,-18.8333,-63.4667,64.6,53,74,2.59
549,Te Anau,NZ,2022-11-18 09:53:57,-45.4167,167.7167,55.8,90,100,3.6
550,Tacuarembo,UY,2022-11-18 09:57:11,-31.7333,-55.9833,65.52,62,1,3.94
551,Chengzihe,CN,2022-11-18 09:57:11,45.3333,131.0667,25.57,86,7,3.29
552,Fairbanks,US,2022-11-18 09:55:35,64.8378,-147.7164,9.99,92,27,1.43
553,Saint-Joseph,RE,2022-11-18 09:52:26,-21.3667,55.6167,79.18,62,7,6.24
554,Zapolyarnyy,RU,2022-11-18 09:57:12,69.4154,30.8136,29.48,85,100,4.68
555,Pekan,MY,2022-11-18 09:57:12,3.4836,103.3996,86.11,82,100,6.78
556,Namibe,AO,2022-11-18 09:57:13,-15.1961,12.1522,77.63,78,40,11.5
557,Nevelsk,RU,2022-11-18 09:58:13,46.6733,141.8633,32.34,88,98,7.72
558,Ilmajoki,FI,2022-11-18 09:58:14,62.7333,22.5667,27.16,94,100,3.44
559,Kachiry,KZ,2022-11-18 09:58:14,53.0675,76.1036,13.8,81,74,3.04
560,Barra Patuca,HN,2022-11-18 09:58:15,15.8,-84.2833,76.35,88,100,4.23
561,Cadillac,US,2022-11-18 09:58:15,44.2519,-85.4012,22.91,93,100,6.91
562,Padang,ID,2022-11-18 09:58:16,-0.9492,100.3543,82.45,87,98,5.3
563,Sabang,ID,2022-11-18 09:58:16,5.8933,95.3214,82.15,76,99,20.33
564,Puerto Asis,CO,2022-11-18 09:58:17,0.5133,-76.5007,68.92,93,94,0.89
565,Cernesti,RO,2022-11-18 09:58:17,47.5167,23.75,46.72,92,100,3.83
566,Ewa Beach,US,2022-11-18 09:58:18,21.3156,-158.0072,74.98,83,100,4.0
567,Saint-Francois,FR,2022-11-18 09:58:18,46.4154,3.9054,51.24,76,20,8.05
568,Metro,ID,2022-11-18 09:58:18,-5.1131,105.3067,80.47,83,100,4.94
569,Birin,NP,2022-11-18 09:58:19,26.8865,88.0718,59.81,67,35,2.93
570,Kolpashevo,RU,2022-11-18 09:53:24,58.3131,82.9089,-1.39,96,39,6.24
571,Eyl,SO,2022-11-18 09:58:20,7.9803,49.8164,85.46,57,0,18.59
572,Orlik,RU,2022-11-18 09:58:20,52.5178,99.825,-0.78,89,83,1.01
573,Gimli,CA,2022-11-18 09:58:20,50.6336,-96.9907,6.82,78,100,4.61
574,San Carlos,VE,2022-11-18 09:58:21,9.6612,-68.5827,71.44,98,100,2.46
575,Baherden,TM,2022-11-18 09:58:21,38.4362,57.4316,68.16,33,75,3.11
576,Bac Lieu,VN,2022-11-18 09:58:22,9.285,105.7244,80.35,81,100,11.25
577,Auki,SB,2022-11-18 09:58:22,-8.7676,160.7034,76.89,84,100,2.64
578,Lasa,IT,2022-11-18 09:58:23,46.6166,10.7002,48.02,69,100,7.05
579,Xinzhi,CN,2022-11-18 09:58:23,36.4989,111.7047,50.74,73,100,4.07
580,Goundam,ML,2022-11-18 09:58:24,16.4145,-3.6708,82.63,11,63,11.1
581,Heihe,CN,2022-11-18 09:58:24,50.2441,127.4902,12.78,95,25,3.83
582,Miramar,US,2022-11-18 09:57:53,25.9873,-80.2323,66.02,84,100,13.33
583,Mongoumba,CF,2022-11-18 09:58:25,3.6415,18.5936,92.5,44,45,2.15
584,Oktyabrskiy,RU,2022-11-18 09:58:25,54.4815,53.471,29.01,96,100,9.89
585,Saskylakh,RU,2022-11-18 09:58:26,71.9167,114.0833,-32.4,99,38,7.2
586,Maniwaki,CA,2022-11-18 09:58:26,46.3834,-75.966,10.78,92,98,0.0
587,Nantucket,US,2022-11-18 09:58:27,41.2835,-70.0995,35.15,58,36,17.05
588,Wenling,CN,2022-11-18 09:58:27,28.3669,121.36,64.76,89,78,6.62
589,Walvis Bay,NA,2022-11-18 09:58:27,-22.9575,14.5053,65.08,64,84,10.16
590,Havre-Saint-Pierre,CA,2022-11-18 09:54:25,50.2334,-63.5986,26.6,86,100,5.75
591,Kieta,PG,2022-11-18 09:58:28,-6.2167,155.6333,78.57,85,100,1.5
592,Magan,ES,2022-11-18 09:58:29,39.9683,-3.931,56.32,77,97,15.86
593,Port Lincoln,AU,2022-11-18 09:58:29,-34.7333,135.8667,68.34,68,11,4.74
594,Berlevag,NO,2022-11-18 09:56:26,70.8578,29.0864,35.6,80,0,20.71
595,Ulladulla,AU,2022-11-18 09:58:30,-35.35,150.4667,54.9,79,13,0.78
596,Qingdao,CN,2022-11-18 09:54:49,36.0986,120.3719,56.8,67,0,8.95
597,Formosa,AR,2022-11-18 09:58:30,-26.1775,-58.1781,64.38,100,0,6.91
598,Labuhan,ID,2022-11-18 09:58:31,-6.8844,112.2051,82.99,73,100,7.34
599,Marsa Matruh,EG,2022-11-18 09:58:31,31.3525,27.2453,75.4,23,1,21.85
600,Lerwick,GB,2022-11-18 09:58:31,60.1545,-1.1494,46.4,74,100,37.8
601,Lagoa,PT,2022-11-18 09:58:32,39.05,-27.9833,60.85,65,45,10.11
602,Loubomo,CG,2022-11-18 09:58:32,-4.1997,12.6739,80.29,69,83,3.13
603,Tukrah,LY,2022-11-18 09:59:33,32.5341,20.5791,76.53,40,13,13.51
604,Angoram,PG,2022-11-18 09:59:33,-4.0625,144.0661,76.15,95,73,3.0
605,Calama,CL,2022-11-18 09:59:34,-22.4667,-68.9333,46.89,31,0,21.85
606,Kirkuk,IQ,2022-11-18 09:59:34,35.4681,44.3922,66.11,42,1,7.31
607,Cassilandia,BR,2022-11-18 09:55:05,-19.1133,-51.7342,71.15,47,0,5.1
608,Raipur,IN,2022-11-18 09:56:19,21.2333,81.6333,82.54,32,40,8.05
609,Necochea,AR,2022-11-18 09:59:35,-38.5473,-58.7368,59.63,80,86,7.02
610,Qaqortoq,GL,2022-11-18 09:59:36,60.7167,-46.0333,14.2,90,97,6.38
611,Pinheiro Machado,BR,2022-11-18 09:59:36,-31.5783,-53.3811,67.05,43,9,3.4
612,Terra Santa,BR,2022-11-18 09:59:37,-2.1042,-56.4869,75.49,59,100,1.12
613,Tabou,CI,2022-11-18 09:59:37,4.423,-7.3528,82.65,69,21,8.43
614,Sampit,ID,2022-11-18 09:59:38,-2.5333,112.95,74.68,98,100,2.8
615,Ca Mau,VN,2022-11-18 09:59:38,9.1769,105.15,80.31,84,100,7.76
616,Gat,IL,2022-11-18 09:59:39,31.61,34.7642,75.78,20,0,4.7
617,Tupik,RU,2022-11-18 09:59:39,54.4253,119.9327,14.9,96,99,2.46
618,Samarai,PG,2022-11-18 09:59:40,-10.6167,150.6667,84.04,76,42,11.01
619,Sault Sainte Marie,CA,2022-11-18 09:59:40,46.5168,-84.3333,17.42,86,100,2.3
620,Atchison,US,2022-11-18 09:59:41,39.563,-95.1216,20.44,74,1,14.32
621,Scarborough,GB,2022-11-18 09:59:27,54.2797,-0.4044,48.65,92,100,7.0
622,Odweyne,SO,2022-11-18 09:59:41,9.4092,45.064,82.2,23,1,1.34
623,Isla Vista,US,2022-11-18 09:59:42,34.4133,-119.861,61.83,30,0,4.59
624,Paragominas,BR,2022-11-18 09:59:42,-2.9667,-47.4833,75.49,86,81,4.52
625,Moree,AU,2022-11-18 09:59:42,-29.4667,149.85,69.93,28,0,2.19
626,Acari,PE,2022-11-18 09:59:43,-15.4311,-74.6158,64.98,75,75,2.82
627,Gladstone,AU,2022-11-18 09:57:56,-23.85,151.25,73.78,56,5,9.22
628,Rio Grande,BR,2022-11-18 09:58:27,-32.035,-52.0986,68.16,76,27,5.84
629,Laguna,US,2022-11-18 09:57:01,38.421,-121.4238,53.01,87,0,0.0
630,Sandwick,GB,2022-11-18 09:59:44,60.0,-1.25,46.22,81,100,32.21
631,Dondo,MZ,2022-11-18 09:59:44,-19.6094,34.7431,85.51,41,1,4.59
632,Baoqing,CN,2022-11-18 09:59:45,46.3317,132.2111,28.6,87,87,5.97
633,Conceicao Do Araguaia,BR,2022-11-18 09:59:45,-8.2578,-49.2647,74.8,91,100,2.21
634,Kasulu,TZ,2022-11-18 09:59:45,-4.5767,30.1025,76.17,60,79,5.5
635,Buala,SB,2022-11-18 09:59:46,-8.145,159.5921,79.56,83,99,3.58
636,Dunedin,NZ,2022-11-18 09:59:46,-45.8742,170.5036,55.8,95,100,3.0
637,Kamenka,RU,2022-11-18 09:59:47,51.3223,42.7678,37.31,97,100,18.3
638,Gravdal,NO,2022-11-18 09:55:43,68.1214,13.5031,39.09,60,0,3.44
639,Tari,NG,2022-11-18 09:59:47,12.4086,4.4914,88.12,18,15,13.11
640,Tawau,MY,2022-11-18 09:59:48,4.2498,117.8871,82.53,83,27,3.0
641,Kampot,KH,2022-11-18 09:59:48,10.6167,104.1833,82.45,82,98,3.87
642,Guilin,CN,2022-11-18 09:59:49,25.2819,110.2864,62.71,90,100,5.37
643,Maun,BW,2022-11-18 09:56:11,-19.9833,23.4167,96.76,20,20,6.91
644,Buchanan,LR,2022-11-18 09:59:49,5.8808,-10.0467,82.44,71,84,0.72
645,Dzhebariki-Khaya,RU,2022-11-18 09:59:49,62.2167,135.8,-8.81,90,98,1.23
646,Kuching,MY,2022-11-18 09:59:50,1.55,110.3333,79.02,78,40,14.0
647,Gurupi,BR,2022-11-18 09:59:50,-11.7292,-49.0686,74.82,86,7,4.07
648,Kijang,KR,2022-11-18 10:00:51,35.2442,129.2139,59.83,53,0,10.4
649,Markova,UA,2022-11-18 10:00:52,48.6758,24.4138,34.59,99,100,2.8
650,Oskemen,KZ,2022-11-18 10:00:52,49.9565,82.6119,24.76,68,40,6.71
651,Limbang,MY,2022-11-18 10:00:53,4.75,115.0,82.51,83,100,3.98
652,Muisne,EC,2022-11-18 10:00:54,0.6,-80.0333,72.86,85,100,9.84
653,Mahon,ES,2022-11-18 10:00:54,39.8885,4.2658,63.16,77,40,6.91
654,Puerto Leguizamo,CO,2022-11-18 10:00:55,-0.1934,-74.7819,70.32,92,100,1.14
655,Ixtapa,MX,2022-11-18 10:00:55,20.7,-105.2,70.23,87,0,2.95
656,Ust-Ilimsk,RU,2022-11-18 09:58:26,58.0006,102.6619,-3.46,98,26,3.18
657,Kedrovyy,RU,2022-11-18 10:00:56,56.1667,91.8167,12.87,95,93,2.08
658,Oussouye,SN,2022-11-18 10:00:57,12.485,-16.5469,84.24,25,100,14.32
659,Stephenville,US,2022-11-18 09:58:32,32.2207,-98.2023,39.76,77,0,0.0
660,Dhidhdhoo,MV,2022-11-18 10:00:58,6.8833,73.1,82.4,72,87,7.07
661,Maumere,ID,2022-11-18 10:00:58,-8.6199,122.2111,82.72,76,100,4.76
662,Charters Towers,AU,2022-11-18 10:00:59,-20.1,146.2667,76.68,74,46,16.78
663,Shelburne,CA,2022-11-18 10:01:00,44.0787,-80.2041,24.76,94,89,12.66
664,Linxi,CN,2022-11-18 10:01:00,39.7,118.4333,47.1,60,100,6.55
665,Bashtanka,UA,2022-11-18 10:01:01,47.4072,32.4387,38.55,72,100,5.17
666,Maues,BR,2022-11-18 10:01:01,-3.3836,-57.7186,76.32,73,100,0.29
667,Rivers,CA,2022-11-18 10:01:02,50.0308,-100.2403,5.29,81,100,13.22
668,Pangkalanbuun,ID,2022-11-18 10:01:03,-2.6833,111.6167,75.83,95,100,0.72
669,Cozumel,MX,2022-11-18 10:01:03,20.5083,-86.9458,74.95,93,7,13.27
670,Kisaran,ID,2022-11-18 09:59:18,2.9845,99.6158,78.04,91,99,4.99
671,Mandalgovi,MN,2022-11-18 10:01:04,45.7625,106.2708,24.82,63,72,18.63
672,Norman Wells,CA,2022-11-18 10:01:05,65.282,-126.8329,7.77,82,55,4.25
673,Esik,KZ,2022-11-18 10:01:06,43.3552,77.4525,31.42,61,81,4.59
674,Severnoye,RU,2022-11-18 10:01:07,56.3491,78.3619,1.44,92,6,4.47
675,Julio De Castilhos,BR,2022-11-18 10:01:07,-29.2269,-53.6817,61.18,56,0,6.38
676,Porbandar,IN,2022-11-18 10:01:08,21.6422,69.6093,86.04,32,0,5.53
677,Narsingi,IN,2022-11-18 10:01:09,18.0333,78.4333,77.74,36,65,10.0
678,Aleksandrovsk-Sakhalinskiy,RU,2022-11-18 10:01:09,50.8975,142.1561,27.36,84,100,8.1
679,Kabanjahe,ID,2022-11-18 10:01:10,3.1001,98.4908,68.81,84,100,4.34
680,Hovd,MN,2022-11-18 10:01:10,48.0056,91.6419,20.43,30,0,4.0
681,Revelstoke,CA,2022-11-18 10:01:11,50.9832,-118.2023,17.55,87,9,1.86
682,Marsabit,KE,2022-11-18 10:01:11,2.3284,37.9899,76.87,48,13,12.75
683,Kobryn,BY,2022-11-18 09:58:49,52.2138,24.3564,28.35,82,100,6.02
684,Sisophon,KH,2022-11-18 10:01:13,13.5859,102.9737,85.98,71,99,1.77
685,Adeje,ES,2022-11-18 10:01:14,28.1227,-16.726,73.31,75,20,6.91
686,Grindavik,IS,2022-11-18 10:01:15,63.8424,-22.4338,39.67,87,20,9.22
